date,commit,tree,records_sha256,llms_sha256,records,bundle
2026-09-19,9cdf6e812a8963635d92ff226b1cf0579abbea3a,fc33624bf7a3fba8bfdba5a9275c1118fe131376,112b0be7539e624d4cb7afed575b2d6c3f5db680f11d9dccd49fffa64d800b52,3facc268dcfaeba2f70055e0bdc1beb7999895a5de7ecdfbf2d4a574e748736f,133,attestations/2026-09-19-9cdf6e8.sigstore.json
2026-09-19,14d8634136f23ee23b0d1f3fad1b53bedbfef087,048929baa13deb721d86a82fcd8c7c8a2bd520f6,1003ed377484ca67825e61629a64be81e96ac05ade7815a39809065542dab3c9,3facc268dcfaeba2f70055e0bdc1beb7999895a5de7ecdfbf2d4a574e748736f,133,attestations/2026-09-19-14d8634.sigstore.json
2026-09-19,3dff515abdfa62c3a4d0e277413868d114d210de,5a381656cb2f336ac5f245ff100b7594cebc8b9c,d8f9e1ae0c335a48676c4a280c6f50d09f8a7680d4c0685030b4b964a6cac0f9,3facc268dcfaeba2f70055e0bdc1beb7999895a5de7ecdfbf2d4a574e748736f,133,attestations/2026-09-19-3dff515.sigstore.json
2026-09-19,1253f4116d9d7b616b8e575850f2cd23bf1fdaa2,dad3b4949bc6d37bee27e33cbd1953700bee4159,94b58ec89beb61dd80858b686e287704e01aba1303592e5c91a695ff6c3641ba,3facc268dcfaeba2f70055e0bdc1beb7999895a5de7ecdfbf2d4a574e748736f,133,attestations/2026-09-19-1253f41.sigstore.json
2026-09-19,e2b000ad204e7ef4b37841cc5ead7a8426e3826a,ec646fa4fce6a982bd2a6b9355a1650097d9b4a9,e656b4706aa3c1d0718259bc929be0e6cecf44392a8f2c620da03e77457197e4,3facc268dcfaeba2f70055e0bdc1beb7999895a5de7ecdfbf2d4a574e748736f,133,attestations/2026-09-19-e2b000a.sigstore.json
2026-09-20,b812dcdbbebe81d3a0fee02a6be0a0314f4a404d,a977e1418ba3b4bedf3907e23cd5b4451d9659fa,e656b4706aa3c1d0718259bc929be0e6cecf44392a8f2c620da03e77457197e4,3facc268dcfaeba2f70055e0bdc1beb7999895a5de7ecdfbf2d4a574e748736f,133,attestations/2026-09-20-b812dcd.sigstore.json
2026-09-20,70861353404ba6a0c22781bc6b391773b14605bb,f70b1cb8236260e99a1bdcc8307e8c9edec672e1,59a282dc9a9c6edd4e20ba48581417b7a9fbb46183427a694e6c53ef40c97551,346bb9ddef82b13d4696703c28974def26ae080e0f092fdd23d113ba3604a9da,133,attestations/2026-09-20-7086135.sigstore.json
2026-09-20,0e0181f2d12595914f16862567b7de2f128b1208,ddb5af8c31ab3e952b0f5342cb9b6590c3f0ac0d,fc802ba5fc43f0c2c365b53e86935bb3325241f9df2ce1d4316636b6ead1adc9,ee546d0ad61a53dd7bdf9cf8e2f6e3bfa0c1aa4a2789b9666e7d49ad318931ec,161,attestations/2026-09-20-0e0181f.sigstore.json
2026-09-20,720b4805e14aa272a4a1b3d154ddb068569008e5,863786cc2ff0c7a9b18cdf8af5827582462998ce,fc802ba5fc43f0c2c365b53e86935bb3325241f9df2ce1d4316636b6ead1adc9,ee546d0ad61a53dd7bdf9cf8e2f6e3bfa0c1aa4a2789b9666e7d49ad318931ec,161,attestations/2026-09-20-720b480.sigstore.json
2026-09-20,526b6cec55295b592565574791134a3d1b997abe,df9fd4723b6c8a737e294d902580b00fba290acc,e5c9a8671dcdf5592e74664821ab9b7569c914f5165b61726da5549d6cf0dafc,bf8ee8760a51e81aba11e9d84e3c7eca788293f94621855d4c8f67ea97701e31,173,attestations/2026-09-20-526b6ce.sigstore.json
2026-09-20,3337ce9a2374932a299992fbe399386de249e8c3,e30de821828da291c3246cdb7fa6c195ce52f45f,e5c9a8671dcdf5592e74664821ab9b7569c914f5165b61726da5549d6cf0dafc,bf8ee8760a51e81aba11e9d84e3c7eca788293f94621855d4c8f67ea97701e31,173,attestations/2026-09-20-3337ce9.sigstore.json
2026-09-20,6a563bd3b900f0c8d823e50488ecacbdc97459ea,d8fe5436e93cff92624c028277f4b19d5dc5deb5,e5c9a8671dcdf5592e74664821ab9b7569c914f5165b61726da5549d6cf0dafc,bf8ee8760a51e81aba11e9d84e3c7eca788293f94621855d4c8f67ea97701e31,173,attestations/2026-09-20-6a563bd.sigstore.json
2026-09-20,fe9faddff7c54e3419cd53da20466ea0de82a10a,e699628b3bb51f17bed2e08c2f400a22d235a0c1,e5c9a8671dcdf5592e74664821ab9b7569c914f5165b61726da5549d6cf0dafc,bf8ee8760a51e81aba11e9d84e3c7eca788293f94621855d4c8f67ea97701e31,173,attestations/2026-09-20-fe9fadd.sigstore.json
2026-09-20,965417d1c5ab9de64401db1cd3390d853398dbdf,aefb3934773adf746d7919410540268887460355,d792a963248ac49ccdf370d912c4ac196933db27a66c82615a88b79f90104f75,bf8ee8760a51e81aba11e9d84e3c7eca788293f94621855d4c8f67ea97701e31,173,attestations/2026-09-20-965417d.sigstore.json
2026-09-20,eafa49848b3f20c62c6402a1ee77765ce13591d6,2dd663da6a1923f0fa9d067fac36ec9c62a90866,b12fe2e06bb3b0a87d0476865e630aaee8f198af01e23dc7e11c8099feda625b,bf8ee8760a51e81aba11e9d84e3c7eca788293f94621855d4c8f67ea97701e31,173,attestations/2026-09-20-eafa498.sigstore.json
2026-09-21,a8b5addc72963e127f549a0864f439f2b15c596f,b3d9e98fcf3c99751c276714bfefc406d92500fb,aaceab5e0edb89fc6e7d958d823ee7b52a91b85180e7e9907a317e766af812f7,de85931008d768d15e02ec4baad6c2804d7a36fe0283f00f663e8c2bbb65a81a,173,attestations/2026-09-21-a8b5add.sigstore.json
2026-09-21,43ab91ef0e33ce796d7ca5c2a11e5e7a5f9f3a52,978fe157cd876b01b6091a3b1fc81a7ca999d811,1c5c6b9c474db11d7ccbdf7f788bfd455baa0a9a625557af633c69e457ffe2b8,de85931008d768d15e02ec4baad6c2804d7a36fe0283f00f663e8c2bbb65a81a,173,attestations/2026-09-21-43ab91e.sigstore.json
2026-09-21,84cd45e48a37130dd4fedeb5b171e7a3e45cb0e6,2e5b0bf81375a20e0ea1474ea1758f137b7c5060,1b47d332c2991f31deed92fbf318830e76bc97ed258795abe8f1df5a5938dbb3,de85931008d768d15e02ec4baad6c2804d7a36fe0283f00f663e8c2bbb65a81a,173,attestations/2026-09-21-84cd45e.sigstore.json
2026-09-21,084b89bf5cb0cb0eaac0e5dfa9d5c5ff5e1da1c7,db289c855e1bfeca5b2f43b66a01dc735dfbcfe1,1b47d332c2991f31deed92fbf318830e76bc97ed258795abe8f1df5a5938dbb3,de85931008d768d15e02ec4baad6c2804d7a36fe0283f00f663e8c2bbb65a81a,173,attestations/2026-09-21-084b89b.sigstore.json
2026-09-21,b469f4f76e4c6f7b25ea7da3d292afcecc74f561,2c449c15fc6052b357123e2083f41751a683ea20,61146d3e5fa99e1806676a454b9b91ad3a62cbb7be125d1984c77b4ece1f1021,b52fc2b8d6723b794bad7a3e3da3840cfac2ecf6c428a285a7a38862a805d95f,175,attestations/2026-09-21-b469f4f.sigstore.json
2026-09-21,5054dd2aa585e8c1378052ef30d8ede6ff47e230,0ab2c56d6f48db96cd9980f362946b8f043ec3c3,8a8f1d916808ac5d231538270b2c0b7daf66a7bcdf113a1b3297cef1773a54af,b52fc2b8d6723b794bad7a3e3da3840cfac2ecf6c428a285a7a38862a805d95f,175,attestations/2026-09-21-5054dd2.sigstore.json
2026-09-22,1309c561fdc33db2875d5558c1b7daa34d437440,dcfacc68f8877ed00e24b7ec20818965d4d9dfb8,c1d8e3803d90171828e501fe136b5c9299e5674031b3c5665fc8ed7b8af16da8,74642e07ea1f6dc4a43b1d133959affa1fd518eef4cda64d68597db5182a33f7,175,attestations/2026-09-22-1309c56.sigstore.json
2026-09-22,0adb6c6ecab8228bae32b25f8cdb4376a7a39155,2b7bc8cf0b99d753650f9ad9f3a27374001fe02c,66adc9191f9b78abf21cfa5e486091368a448d8686a59d4d33125e78a47f19c7,74642e07ea1f6dc4a43b1d133959affa1fd518eef4cda64d68597db5182a33f7,175,attestations/2026-09-22-0adb6c6.sigstore.json
2026-09-22,6922dd32b24ba2933edd9cc37e9ef58e4c1bdccd,94de83fdfac3c6b7d1bbc6a0db0f682387b2a6dd,66adc9191f9b78abf21cfa5e486091368a448d8686a59d4d33125e78a47f19c7,74642e07ea1f6dc4a43b1d133959affa1fd518eef4cda64d68597db5182a33f7,175,attestations/2026-09-22-6922dd3.sigstore.json
2026-09-22,7e159a781113eb9259c544c6981ed2f6735144e2,3dbba5a3023d2129f58683471de2300120b9a926,5b3621a609a4ab02c94cb3d5f146487e2dc2181a1c813ac74eeef4a2e7f0fb95,74642e07ea1f6dc4a43b1d133959affa1fd518eef4cda64d68597db5182a33f7,175,attestations/2026-09-22-7e159a7.sigstore.json
2026-09-22,632c3f98f1186a0b7c622c159c0255fcbc647a65,daca3a0cf81ce810e628ee223c5ab4d602a9cc91,5b3621a609a4ab02c94cb3d5f146487e2dc2181a1c813ac74eeef4a2e7f0fb95,74642e07ea1f6dc4a43b1d133959affa1fd518eef4cda64d68597db5182a33f7,175,attestations/2026-09-22-632c3f9.sigstore.json
2026-09-22,ed0971bdb69e097cafa4bce6a9adfddd6d6423c9,d77d788fc886da278d7ea1ffc90a07b3211c22d8,5b3621a609a4ab02c94cb3d5f146487e2dc2181a1c813ac74eeef4a2e7f0fb95,74642e07ea1f6dc4a43b1d133959affa1fd518eef4cda64d68597db5182a33f7,175,attestations/2026-09-22-ed0971b.sigstore.json
2026-09-22,4c35ee88486b0293c07e59632de6e1bda2b004b3,c450ff7c82e7726b9401cc17a7d75984f989cf90,ca5f733e9ebcd67d0e9a0061f7e8cc993edc9ec25cee42745550c73eec2e7825,ea135901d1f9b8a7a86e870a49a3561af6431d047c40d6367f8981d391412652,175,attestations/2026-09-22-4c35ee8.sigstore.json
2026-09-22,cde2c968f028bcd0a15779dcbf3feb6c67610542,32248ca861aea8b87997aa783e9e10e0c2674e23,a685d94a889ce53713264c097514e6b26574a1abda9934838189e1badbda27b9,ea135901d1f9b8a7a86e870a49a3561af6431d047c40d6367f8981d391412652,175,attestations/2026-09-22-cde2c96.sigstore.json
2026-09-22,7a4e7df031798121ac541281d79226239a2469f8,cd7ce91e4a47257504cc0f91d449030d27276daf,c2598be94c40e3fa086eb98484e5d1aee48e1c847ac8d3392695725eae7bbaf6,ea135901d1f9b8a7a86e870a49a3561af6431d047c40d6367f8981d391412652,175,attestations/2026-09-22-7a4e7df.sigstore.json
2026-09-22,b2b24e094fbfcbc8978dd0a1991b4885f88e5190,5bdbb5b1366d89d4b84368b5868b6a710f2d4315,c2598be94c40e3fa086eb98484e5d1aee48e1c847ac8d3392695725eae7bbaf6,ea135901d1f9b8a7a86e870a49a3561af6431d047c40d6367f8981d391412652,175,attestations/2026-09-22-b2b24e0.sigstore.json
2026-09-22,f2c18fe1c12f65d399488d8a87e1751b90cab07e,f8053f2f48edd176d1992cb47c6b4572b4296e0e,d116c61ae1291f09c6c5f4849fa4adcbb67a564c322983fe59c9751276ddbb7a,ea135901d1f9b8a7a86e870a49a3561af6431d047c40d6367f8981d391412652,175,attestations/2026-09-22-f2c18fe.sigstore.json
2026-09-22,8129026fbc099b9696a0758089bab1374ef3d379,950b01605b5240c58bd10444a452fe1eb667ea54,c3de012a2bb80584da4f6c9a1ab291397cf4c0ad10590b92a2dcab4011a1896d,a7f230a6d410739ef83bcd127a0a6073c786e29e0eb04a1f017c7e9bd321d7e8,177,attestations/2026-09-22-8129026.sigstore.json
2026-09-22,b81b16aa965a5ca86a5e97caa7a189a5d488f876,afa9d035e1eaf55f743d0678d6affed7d447b722,c3de012a2bb80584da4f6c9a1ab291397cf4c0ad10590b92a2dcab4011a1896d,a7f230a6d410739ef83bcd127a0a6073c786e29e0eb04a1f017c7e9bd321d7e8,177,attestations/2026-09-22-b81b16a.sigstore.json
2026-09-22,5c933bf1b6009fefe274b31631eae6a0b2c91556,6aae9b56d059f0865500f3b8eec5f5c95cd688c7,c3de012a2bb80584da4f6c9a1ab291397cf4c0ad10590b92a2dcab4011a1896d,a7f230a6d410739ef83bcd127a0a6073c786e29e0eb04a1f017c7e9bd321d7e8,177,attestations/2026-09-22-5c933bf.sigstore.json
2026-09-23,d30f58bcae658c8ba4535a393924bdfade0d241a,128dd6e268c47b3299b67ce9d32172a4880e9aa9,d83361909dc1664f867b0dae8bb20cf47895d1d245c4727208a110b1d57874e2,0358599a1ced520c4838a6c4be88a9faad33439b1eeb1f3d343f87f85b51d265,177,attestations/2026-09-23-d30f58b.sigstore.json
2026-09-23,e28f9f00811eff6022c58a0375b93868b262841f,d1777af4f8318129c38c28d3cc3c354b828c0e91,d83361909dc1664f867b0dae8bb20cf47895d1d245c4727208a110b1d57874e2,0358599a1ced520c4838a6c4be88a9faad33439b1eeb1f3d343f87f85b51d265,177,attestations/2026-09-23-e28f9f0.sigstore.json
2026-09-23,1da65781117cd645e32877acccb906291fbadbf9,f94e5d178a58430bcfa7311be604c0dc0c14496a,d83361909dc1664f867b0dae8bb20cf47895d1d245c4727208a110b1d57874e2,0358599a1ced520c4838a6c4be88a9faad33439b1eeb1f3d343f87f85b51d265,177,attestations/2026-09-23-1da6578.sigstore.json
2026-09-23,10343a7febdf798168b4378ecec8cd78b3f51103,44f6f63af5d95f56663e1c59cfec4eaa509f2e9e,d83361909dc1664f867b0dae8bb20cf47895d1d245c4727208a110b1d57874e2,0358599a1ced520c4838a6c4be88a9faad33439b1eeb1f3d343f87f85b51d265,177,attestations/2026-09-23-10343a7.sigstore.json
2026-09-23,543e901e96e7b838205e20b21085f9f8e654224f,e32b57679998983dfaa0ab8c2ce0060eaed9ba34,d83361909dc1664f867b0dae8bb20cf47895d1d245c4727208a110b1d57874e2,0358599a1ced520c4838a6c4be88a9faad33439b1eeb1f3d343f87f85b51d265,177,attestations/2026-09-23-543e901.sigstore.json
2026-09-23,9566f8d0e10bb2f3283b4ce22577d281d46c5113,7c2e30a543c54afc94fa2324bc9159189ad03cd4,d83361909dc1664f867b0dae8bb20cf47895d1d245c4727208a110b1d57874e2,0358599a1ced520c4838a6c4be88a9faad33439b1eeb1f3d343f87f85b51d265,177,attestations/2026-09-23-9566f8d.sigstore.json
2026-09-23,0ec207574d6dc2778d5dbee7a295b3077b44a916,3b6c6301dc742765cdd23e26e96e222a73f0f8e2,d83361909dc1664f867b0dae8bb20cf47895d1d245c4727208a110b1d57874e2,0358599a1ced520c4838a6c4be88a9faad33439b1eeb1f3d343f87f85b51d265,177,attestations/2026-09-23-0ec2075.sigstore.json
2026-09-23,62dc4291d38fe8d2440456949f7a6b22af3f6052,31179b222d28b2754fb854c5c68ef8d56336f89d,411816be8ae493af4603034b1dad7349582fbdbb55e5f3f6e830291c240a0563,0358599a1ced520c4838a6c4be88a9faad33439b1eeb1f3d343f87f85b51d265,177,attestations/2026-09-23-62dc429.sigstore.json
2026-09-23,4c0ed430a2793557e44c9f7386f82ad9179ab627,d65203d570d4b53c390c968850cc6bce6b0eb3f3,411816be8ae493af4603034b1dad7349582fbdbb55e5f3f6e830291c240a0563,0358599a1ced520c4838a6c4be88a9faad33439b1eeb1f3d343f87f85b51d265,177,attestations/2026-09-23-4c0ed43.sigstore.json
2026-09-23,7b201482b8798b3b36c841b2ab2fc28cfac7b323,9800921342f170bfd671691da663f916da678786,411816be8ae493af4603034b1dad7349582fbdbb55e5f3f6e830291c240a0563,0358599a1ced520c4838a6c4be88a9faad33439b1eeb1f3d343f87f85b51d265,177,attestations/2026-09-23-7b20148.sigstore.json
2026-09-23,e0c30a2d6b314068cc47e5b9780f1dee759fae0b,da6d8797f62d8fc2adbd1f195ad22f75b5c03c56,411816be8ae493af4603034b1dad7349582fbdbb55e5f3f6e830291c240a0563,0358599a1ced520c4838a6c4be88a9faad33439b1eeb1f3d343f87f85b51d265,177,attestations/2026-09-23-e0c30a2.sigstore.json
2026-09-23,d8a949afab079a1922643fdd7c145c851b01f6af,12ae7e83e3577d99142c9085ce7216a7862e739e,411816be8ae493af4603034b1dad7349582fbdbb55e5f3f6e830291c240a0563,0358599a1ced520c4838a6c4be88a9faad33439b1eeb1f3d343f87f85b51d265,177,attestations/2026-09-23-d8a949a.sigstore.json
2026-09-23,d27131ddefe03f6442b01328076aac33529bdb3f,6940bb281f50bd7d85afc2c8bf3ef6727b444ce8,411816be8ae493af4603034b1dad7349582fbdbb55e5f3f6e830291c240a0563,0358599a1ced520c4838a6c4be88a9faad33439b1eeb1f3d343f87f85b51d265,177,attestations/2026-09-23-d27131d.sigstore.json
2026-09-23,04dd453dccb65b266f456e56774f045564d4381e,cc194662dc1243f9fd0a6ef789abb0d96629fbca,803fdd89161fd41a88e0797c54e300afeeaf1365beec75e43319da374150a7cb,0358599a1ced520c4838a6c4be88a9faad33439b1eeb1f3d343f87f85b51d265,177,attestations/2026-09-23-04dd453.sigstore.json
2026-09-23,3b38b0d27fb11ef91cd40befe0b28c0b0e92d5aa,49f57894685d319752e158c35ea445a42935430f,3d8272f88fa071bded44f72921538e7e8c40adaef5bae648bcff9c533a06f5c7,06e7dbd1e3e7567d854a651f1dbf1ab3e7e4e8d575e49cf65fdca5bd16c2caa7,177,attestations/2026-09-23-3b38b0d.sigstore.json
2026-09-23,e4147fcf4061402daee21218c5d407d1a05fda30,c901e07f7d6f44a887a85db564b451161a1b2241,3d8272f88fa071bded44f72921538e7e8c40adaef5bae648bcff9c533a06f5c7,06e7dbd1e3e7567d854a651f1dbf1ab3e7e4e8d575e49cf65fdca5bd16c2caa7,177,attestations/2026-09-23-e4147fc.sigstore.json
2026-09-23,621e0425ab1602b77a50351efc3e475d64336590,e3709ac58830282e9a3503a21d299f460d1fbd28,3d8272f88fa071bded44f72921538e7e8c40adaef5bae648bcff9c533a06f5c7,06e7dbd1e3e7567d854a651f1dbf1ab3e7e4e8d575e49cf65fdca5bd16c2caa7,177,attestations/2026-09-23-621e042.sigstore.json
2026-09-23,0176f607c37bbcfb17b6aa54e6fae74520878bf0,98d8d2db2d537ae755426356c870c10947ad4a6f,879a5d7b3a7f3b329ba09e99a13be6a267e2be0d937082cffa2fb91731d2ea63,06e7dbd1e3e7567d854a651f1dbf1ab3e7e4e8d575e49cf65fdca5bd16c2caa7,177,attestations/2026-09-23-0176f60.sigstore.json
2026-09-23,2a9156140d4b8649d5cc9d7fb2857d11dc64db02,5f5fb2c6a5f953ab0931dbd679bdbbd98be32bf1,879a5d7b3a7f3b329ba09e99a13be6a267e2be0d937082cffa2fb91731d2ea63,06e7dbd1e3e7567d854a651f1dbf1ab3e7e4e8d575e49cf65fdca5bd16c2caa7,177,attestations/2026-09-23-2a91561.sigstore.json
2026-09-23,0e867e3d800658b1bd7ae92de738fea4f77f4fe8,dc4575e7170be62a4618dd632b9860a4afee41f9,7f9f19037b2a0a5c328ba107d5e21bff75b3b5a433ad83b220f00c75e7df33b4,06e7dbd1e3e7567d854a651f1dbf1ab3e7e4e8d575e49cf65fdca5bd16c2caa7,177,attestations/2026-09-23-0e867e3.sigstore.json
2026-09-23,78d3528432a7710942c5d250b0a25b1d8db26a11,47424ae82efac4fd53bfaa2477b32ddb9fcf41e0,7f9f19037b2a0a5c328ba107d5e21bff75b3b5a433ad83b220f00c75e7df33b4,06e7dbd1e3e7567d854a651f1dbf1ab3e7e4e8d575e49cf65fdca5bd16c2caa7,177,attestations/2026-09-23-78d3528.sigstore.json
2026-09-23,3bc2b677011e5c58d3fbd766f0637a848e79a2be,539b2935c0206998a46011c918a80a1ea982df25,bc7fa18f2f5ea528823b3575aa5fd8ec1ea4fe90e9e01164e611139dc42888bc,06e7dbd1e3e7567d854a651f1dbf1ab3e7e4e8d575e49cf65fdca5bd16c2caa7,177,attestations/2026-09-23-3bc2b67.sigstore.json
2026-09-23,dd4ca9e3a371c09d9b865ab24baa223269809e6b,78de29998013f3eb1e4f2583030cbe3b657982cf,bc7fa18f2f5ea528823b3575aa5fd8ec1ea4fe90e9e01164e611139dc42888bc,06e7dbd1e3e7567d854a651f1dbf1ab3e7e4e8d575e49cf65fdca5bd16c2caa7,177,attestations/2026-09-23-dd4ca9e.sigstore.json
2026-09-24,f7dffd15f16ad8f0eefccd8698e10ee4980b63a3,b770eb07d2864d6145f980d6f42a58f898b5a66c,c429c2369ae6bd4bbcf5e6d526f60172b121b43f57dc0a0db26ff79e44fe4c72,554d827f4433e723f9f5daf721b12fff73da0558ff15936e67e8a7285de44b66,177,attestations/2026-09-24-f7dffd1.sigstore.json
2026-09-24,2c674492bc9acfdc9531a51cfa2533b589cc5b51,bff37feebc5005c2c28a769672d89e42613948fa,c429c2369ae6bd4bbcf5e6d526f60172b121b43f57dc0a0db26ff79e44fe4c72,554d827f4433e723f9f5daf721b12fff73da0558ff15936e67e8a7285de44b66,177,attestations/2026-09-24-2c67449.sigstore.json
2026-09-24,e05c5c061b7b59277fc8da93bf50b31ec2becd82,8e538c10b39797c8432b92291de3faf77f6e9b58,c429c2369ae6bd4bbcf5e6d526f60172b121b43f57dc0a0db26ff79e44fe4c72,554d827f4433e723f9f5daf721b12fff73da0558ff15936e67e8a7285de44b66,177,attestations/2026-09-24-e05c5c0.sigstore.json
2026-09-24,675d1a39b0286cbcc1688e1fb56485f92061c640,66206d42052d91926792c1bc50d9d536ff8c453e,c429c2369ae6bd4bbcf5e6d526f60172b121b43f57dc0a0db26ff79e44fe4c72,554d827f4433e723f9f5daf721b12fff73da0558ff15936e67e8a7285de44b66,177,attestations/2026-09-24-675d1a3.sigstore.json
2026-09-24,9fea2aa203179357010b1af2c3dba4d47188e629,73fe6435b3f38e2999437ffea77eec8d50918086,c429c2369ae6bd4bbcf5e6d526f60172b121b43f57dc0a0db26ff79e44fe4c72,554d827f4433e723f9f5daf721b12fff73da0558ff15936e67e8a7285de44b66,177,attestations/2026-09-24-9fea2aa.sigstore.json
2026-09-24,bdb5638a9683824a4d6557fe83e832cccd360616,f183775eefdb2f402c5ca592ec3009fba111a4ba,8d16b6b42b3948f59c13b49c92a1299f36c3bd8fd09302538d823a68974a6987,554d827f4433e723f9f5daf721b12fff73da0558ff15936e67e8a7285de44b66,177,attestations/2026-09-24-bdb5638.sigstore.json
2026-09-24,b19dd65090ee3efd3c503cae8a98c065f573f2b1,e883335b9bd19af0ad13143d8f1ded8ceb14dfe1,4c5af6a2ef10c4de568046ccd8dad293bcec9983d7a766e4a370c7d22f538e55,554d827f4433e723f9f5daf721b12fff73da0558ff15936e67e8a7285de44b66,177,attestations/2026-09-24-b19dd65.sigstore.json
2026-09-24,ec34c7cf8282e7853bb487cca554b766c0a77ad6,c33af46a19f869845d1dc3a0480751dfa6c07670,30d370d997c2a68a7bd978ddba43f12bd1e13e9e8802ab713ba98e37561710e9,a4821a7bb776db6d4f0491f41f3dbcf5706e141ac66243aa84b0c899bb8bbccf,177,attestations/2026-09-24-ec34c7c.sigstore.json
2026-09-24,415f0ad89c61436cef39abb828cf5fbd8b82287c,c6403f4ee64475ab60df6d98d28ad2a478672f49,30d370d997c2a68a7bd978ddba43f12bd1e13e9e8802ab713ba98e37561710e9,a4821a7bb776db6d4f0491f41f3dbcf5706e141ac66243aa84b0c899bb8bbccf,177,attestations/2026-09-24-415f0ad.sigstore.json
2026-09-24,dcd51f04fdba84d2cad759089bce23e9daa165e5,d255d8b8d35990559d24541f2a004734b2dea6b6,e2aa22881435aa32d4e244a5375653a66906675fb7a57d3f836421fa8997dccb,a4821a7bb776db6d4f0491f41f3dbcf5706e141ac66243aa84b0c899bb8bbccf,177,attestations/2026-09-24-dcd51f0.sigstore.json
2026-09-24,a7e4bb617ffe9b3312f924dec140977f467db917,ad52e241607413d8191d47d20cada852f22dc1f6,e2aa22881435aa32d4e244a5375653a66906675fb7a57d3f836421fa8997dccb,a4821a7bb776db6d4f0491f41f3dbcf5706e141ac66243aa84b0c899bb8bbccf,177,attestations/2026-09-24-a7e4bb6.sigstore.json
2026-09-24,1fcd980cb4c5391c17960ddbc023f2bd2b968610,ba1d1acfae4ae6f84829a3a60ab9d36489816ce1,e2aa22881435aa32d4e244a5375653a66906675fb7a57d3f836421fa8997dccb,a4821a7bb776db6d4f0491f41f3dbcf5706e141ac66243aa84b0c899bb8bbccf,177,attestations/2026-09-24-1fcd980.sigstore.json
2026-09-24,4015cec01777f88ad266bafe5986754ba74ff68d,435a2fc9e20f9ab8a139a0301b3eb227e67178ed,9eb113e3109381a2c7d82689dcfb2bda7419f5cf35d3ff10ca6f021bf3a11844,a4821a7bb776db6d4f0491f41f3dbcf5706e141ac66243aa84b0c899bb8bbccf,177,attestations/2026-09-24-4015cec.sigstore.json
2026-09-24,3efbaf883120b8af261342c58cb0a3e2d3c01bea,4f8b7d685664f001a9cecdfd265a80b5bbe8adf2,9eb113e3109381a2c7d82689dcfb2bda7419f5cf35d3ff10ca6f021bf3a11844,a4821a7bb776db6d4f0491f41f3dbcf5706e141ac66243aa84b0c899bb8bbccf,177,attestations/2026-09-24-3efbaf8.sigstore.json
2026-09-24,ae0b5011caffaeb8ff06e8ae6ac48c571c0c8f17,ea4a2b62023c214b0b77d0adc3dfde316c6696dd,9eb113e3109381a2c7d82689dcfb2bda7419f5cf35d3ff10ca6f021bf3a11844,a4821a7bb776db6d4f0491f41f3dbcf5706e141ac66243aa84b0c899bb8bbccf,177,attestations/2026-09-24-ae0b501.sigstore.json
2026-09-24,e6d7fe173ffaffbaa4b0a51903fc1a44b6ed5bad,f3b312a4ba057c7c158c6cb06965f87721861b3a,9eb113e3109381a2c7d82689dcfb2bda7419f5cf35d3ff10ca6f021bf3a11844,a4821a7bb776db6d4f0491f41f3dbcf5706e141ac66243aa84b0c899bb8bbccf,177,attestations/2026-09-24-e6d7fe1.sigstore.json
2026-09-24,e528d36d031a9f2394c19f2b0b93d394f5e0d8a6,02e9d42f6db3ac72c92ff05df0758cf25f431aa9,60ea37cd9ceced1b49425c73ded8481aaebe51e26142b4d4cd4785516ddbfc50,a4821a7bb776db6d4f0491f41f3dbcf5706e141ac66243aa84b0c899bb8bbccf,177,attestations/2026-09-24-e528d36.sigstore.json
2026-09-24,7e31bda9447caf80126a35ce3b4a0f2f3ce13a10,b35170f0a9edce23143f43e223ba3c5b82b30293,60ea37cd9ceced1b49425c73ded8481aaebe51e26142b4d4cd4785516ddbfc50,a4821a7bb776db6d4f0491f41f3dbcf5706e141ac66243aa84b0c899bb8bbccf,177,attestations/2026-09-24-7e31bda.sigstore.json
2026-09-24,ba274a3161376860d7912ba1f72cab57b1307e2e,ded451e4ef4dc9cfdcd9a240d5b120c895714d0f,ee8a83808182ddd85e3995dbcfb50207c96a8d99339b5f4263931ec6b5b56343,a4821a7bb776db6d4f0491f41f3dbcf5706e141ac66243aa84b0c899bb8bbccf,177,attestations/2026-09-24-ba274a3.sigstore.json
2026-09-25,79b66883adea3dc10aaca760671bcea5904abc84,4012c33337c2549edb4f33834c531555ed7839ea,79b3710a10d8ff1e5b80a31439f04b31a48febccaef75c223de0a4a2f4318643,699e8ef1a45f1b24729d7308e5472e8d8b2c25c9e03fd9e463c4957253b28ea7,177,attestations/2026-09-25-79b6688.sigstore.json
2026-09-25,b75b381a3c089272192ea15367dd18d4ae18510e,0582f6f4fb25f9833281e294c2ff07a5a946bedf,79b3710a10d8ff1e5b80a31439f04b31a48febccaef75c223de0a4a2f4318643,699e8ef1a45f1b24729d7308e5472e8d8b2c25c9e03fd9e463c4957253b28ea7,177,attestations/2026-09-25-b75b381.sigstore.json
2026-09-25,3b48e4b56588e169b3e2aaf2f933af28f42c5924,2c3b1573ea4a7140004232776ebcaecf321d660d,79b3710a10d8ff1e5b80a31439f04b31a48febccaef75c223de0a4a2f4318643,699e8ef1a45f1b24729d7308e5472e8d8b2c25c9e03fd9e463c4957253b28ea7,177,attestations/2026-09-25-3b48e4b.sigstore.json
2026-09-25,c6013ada850cb2409b60c3e5cc4009308ec9b29b,d357fcdb2a94f9982659ab033bbf2af4ec5442b1,f90050be0c4cac8c07afce07ec57506d88775a387ff1c301b047a2b7c00ed2b2,699e8ef1a45f1b24729d7308e5472e8d8b2c25c9e03fd9e463c4957253b28ea7,177,attestations/2026-09-25-c6013ad.sigstore.json
2026-09-25,43dcbeb6021b85efa5141a0bcb52cd273a0c462d,0787b26ea6997c44e1218d748e85b79f2066a16c,f90050be0c4cac8c07afce07ec57506d88775a387ff1c301b047a2b7c00ed2b2,699e8ef1a45f1b24729d7308e5472e8d8b2c25c9e03fd9e463c4957253b28ea7,177,attestations/2026-09-25-43dcbeb.sigstore.json
2026-09-25,a32386ccbf5da47e1375b3056f9869694c2174e1,205ddc17d0c416aa29c8049987dfeddd23aa6207,f90050be0c4cac8c07afce07ec57506d88775a387ff1c301b047a2b7c00ed2b2,699e8ef1a45f1b24729d7308e5472e8d8b2c25c9e03fd9e463c4957253b28ea7,177,attestations/2026-09-25-a32386c.sigstore.json
2026-09-25,08ad2c7dafc90593b1c2b2467ee98c94f555460f,b8bbe347037b36b667e266ae0d7a9fd12dd2f92d,ae4ad913ea233d58d8a02f69a289817c354b0ea1b53c05df28276d3646e31ea4,699e8ef1a45f1b24729d7308e5472e8d8b2c25c9e03fd9e463c4957253b28ea7,177,attestations/2026-09-25-08ad2c7.sigstore.json
2026-09-26,7d0d64addc9ce55f78ab76955d8cea31a3a12fc4,a145c6b2b46719dae52344f0ff7c87c68b33b7ce,d895a6fbde2847361f5512d2a198164dd969bc484b034dfb72372cfef004d566,da19c69e443e6a0ef585f3bfa0c939e5f1a8f90feedb2284171299b424421dbb,177,attestations/2026-09-26-7d0d64a.sigstore.json
2026-09-26,2b71a5380aa0d96e0b36a5e69652ca6f2abffa15,82c257ee20b67715f800d5255e2fdea9f20a7793,d895a6fbde2847361f5512d2a198164dd969bc484b034dfb72372cfef004d566,da19c69e443e6a0ef585f3bfa0c939e5f1a8f90feedb2284171299b424421dbb,177,attestations/2026-09-26-2b71a53.sigstore.json
2026-09-27,962ac335fb24ad552eca0abf55c681542a8ed6a8,29250fe302e4d3096c1d90f8954282383b3a81b8,2b630bf69644848c7d7abf9539a5967986fa18e4b14c308a2925887db012b233,5da67bac9f116e82ca461aba15a2c362039fa68d4bc87feaaf9712abce7a74b3,177,attestations/2026-09-27-962ac33.sigstore.json
2026-09-28,bfe686d2a4db2de7d5f928f41c2002fd0f417263,c2633f7c187eac313fbdbfd2fe999063710d45c5,1c895f0eaa5a5f60ceea0f245b26f5b375473d0cbcde01b4f90c11968b90f091,5495ea0062d6c63ecc1a46dfedec5ed80007d0d68bb8368849c720334ac6805b,177,attestations/2026-09-28-bfe686d.sigstore.json
2026-09-28,cb7495d93ebc4fc3f4ecb095b5d1b80b3da88b3c,cde97f8f30cf6a28ec8f99533ab619b906124336,1c895f0eaa5a5f60ceea0f245b26f5b375473d0cbcde01b4f90c11968b90f091,5495ea0062d6c63ecc1a46dfedec5ed80007d0d68bb8368849c720334ac6805b,177,attestations/2026-09-28-cb7495d.sigstore.json
2026-09-28,bc0ce6d7a7e86c4722ae2ca1acd035f10649dffa,b0e9d26fee32044f7a32a511c85f3b37a014f704,1c895f0eaa5a5f60ceea0f245b26f5b375473d0cbcde01b4f90c11968b90f091,5495ea0062d6c63ecc1a46dfedec5ed80007d0d68bb8368849c720334ac6805b,177,attestations/2026-09-28-bc0ce6d.sigstore.json
2026-09-29,822456720b12682b628d94a9f7fe7e392b96a790,4dc11b2bd3cb02ac0e05b055d4a3963308712955,200f471ce4d1323e9075ca175e3f1aaa32c43e2368f9e52b0db296e0d92426e5,83b57eeaff4297a421a73cfa14dfd8387b8083650d53fd74c9117a762e6674a7,177,attestations/2026-09-29-8224567.sigstore.json
2026-09-29,9cb9e9f70a5c31c5b4bca089d648c00f5692f041,7f9fe6f5c81eb71db0bc6b765111801e34c935fd,b563feea548c575f8c56f047b90bdf6390cf971fd506e1004d153a4d475f32d5,0489837006be094cce04398a2e2122b3bcaab294e49a90206cf5b2479ea34f80,183,attestations/2026-09-29-9cb9e9f.sigstore.json
2026-09-29,c303860b4eba88528fd80d0488b812372cf2b0ec,bf19977df3aa517189cd14778eb4159ae2593ccc,b563feea548c575f8c56f047b90bdf6390cf971fd506e1004d153a4d475f32d5,0489837006be094cce04398a2e2122b3bcaab294e49a90206cf5b2479ea34f80,183,attestations/2026-09-29-c303860.sigstore.json
2026-09-29,724d4a554f0bd49bad032ccd1bc6e6b681ea3798,9cd955c42278b116dd81587273208a91212ad133,846c1d37f13f42992a6ccdee5f3174e86416452f2ac665df6d8cdc0d25b547da,7478a10836937682ff30ac7682dc9f27defb7c0c8f62f008dbaeb5b6fc77eaef,183,attestations/2026-09-29-724d4a5.sigstore.json
2026-09-29,6ba3fec04e2a7e25a838246f9832de463d3696cb,804230db522ee3b69615a528ee1a687765ede500,846c1d37f13f42992a6ccdee5f3174e86416452f2ac665df6d8cdc0d25b547da,7478a10836937682ff30ac7682dc9f27defb7c0c8f62f008dbaeb5b6fc77eaef,183,attestations/2026-09-29-6ba3fec.sigstore.json
2026-09-29,1068ec9b12300d910b8f484cf96c3c706c16ce05,578dbcafb60d06a4b483dad3867a3c338537e13b,846c1d37f13f42992a6ccdee5f3174e86416452f2ac665df6d8cdc0d25b547da,1553d9378c218c2361419514a1b07edd9c272e95637433553964832a2f90a1d4,183,attestations/2026-09-29-1068ec9.sigstore.json
2026-09-30,8d501ec00c65c5fa4c456afe50befb5b7ddc5d9f,cac48aa277f722b1cd7468ecffd5215eed222c66,db182daff4a526be81e02ee8ec54ebbdeb300f188d7ccbc84e2bf54648bf613e,eedfa5cd8dff886deb81a4835ffd43939aa978ff678779fad33ff24ae0bc6932,183,attestations/2026-09-30-8d501ec.sigstore.json
2026-09-30,26c4cae60cf4fe0fee4d458bb19781d4741e483c,41688287eb0c812d4cd31e43c45ca97e357bbffe,db182daff4a526be81e02ee8ec54ebbdeb300f188d7ccbc84e2bf54648bf613e,eedfa5cd8dff886deb81a4835ffd43939aa978ff678779fad33ff24ae0bc6932,183,attestations/2026-09-30-26c4cae.sigstore.json
2026-09-30,9bd04bc2d1fbd801bedbdae0a2465dac723a7c73,7c1c0ebf23d1ebb73fcbc6d176a0bed060af9592,db182daff4a526be81e02ee8ec54ebbdeb300f188d7ccbc84e2bf54648bf613e,eedfa5cd8dff886deb81a4835ffd43939aa978ff678779fad33ff24ae0bc6932,183,attestations/2026-09-30-9bd04bc.sigstore.json
2026-09-30,b451fa6a37e330c6d9bc10c6ed12f63fe43d92ab,947c6253ad1b6a36aed0eb8b8b69f235d5831391,8bf6c5d82a890105cb948f6fe0693c2cb8f79e7ede6d25e7d84777574a4e5e6b,99e2b10dff8a4f45463ba823e0c6384582d165c8ae0f21d0fe3994baf1174e82,183,attestations/2026-09-30-b451fa6.sigstore.json
2026-10-02,5c18256919da1603e52ea632b58b74f3f7d080ee,59c3dfa4d403daf81fb3a5eb867304f7c7ba3fb5,5f15e46d684edac4a5f11261f40e5471602a6862ce7a206638fcef1be2fc4627,d4c8b0d447b67ac22bd3ff52fba314618a9277a1ec6add58f31318677181c4f4,183,attestations/2026-10-02-5c18256.sigstore.json
2026-10-02,2e19ea37e6aea9669b99d24f9d9cf5fc3bd32c18,3a144673fdc524df16c16634de3be6fbfe7fd2b3,e9bd62500ff0de6285f49c8bb443501cac1c62b8c5a567efacefae459e510d41,5d57ef455bcd8e8d275fe2523a0c6a6aaa7d0fa2b4d674cc60fa2ecfa319ba81,183,attestations/2026-10-02-2e19ea3.sigstore.json
2026-10-02,e046f0e2bc4dd80ecb12442a3792dc8a531f8ee3,14ca206d31a1051f9d3f29a5d3be2f7e2969a24c,e9bd62500ff0de6285f49c8bb443501cac1c62b8c5a567efacefae459e510d41,5d57ef455bcd8e8d275fe2523a0c6a6aaa7d0fa2b4d674cc60fa2ecfa319ba81,183,attestations/2026-10-02-e046f0e.sigstore.json
2026-10-02,bccfd551575591a407fff8b4797ff03709a705ab,3ab26472af107c75ee91a463a5931b484af6e74d,40fb1269dcc9211345aed6e1c653ab04cbc99db08461f0c376c8ae351793dce0,5d57ef455bcd8e8d275fe2523a0c6a6aaa7d0fa2b4d674cc60fa2ecfa319ba81,183,attestations/2026-10-02-bccfd55.sigstore.json
2026-10-02,121b81d9e1b30afb16dbc0d654e8914b3548a72c,4d4b14d456703765b026d01af755606d5ba921fb,ee725ac54eb78a0477a051c9243627773e8aaf9e3729d238ae93691e683456c3,5d57ef455bcd8e8d275fe2523a0c6a6aaa7d0fa2b4d674cc60fa2ecfa319ba81,183,attestations/2026-10-02-121b81d.sigstore.json
2026-10-02,8c48c971b25868de41f50c079cf1993e6ac3399a,02001f49a95db1694432a8037314b5b1195e8700,ee725ac54eb78a0477a051c9243627773e8aaf9e3729d238ae93691e683456c3,5d57ef455bcd8e8d275fe2523a0c6a6aaa7d0fa2b4d674cc60fa2ecfa319ba81,183,attestations/2026-10-02-8c48c97.sigstore.json
2026-10-03,b291376d5230d9e416a5480fd69a3aa48aaa947d,1dff6ce06fca29a73dcb6eb02b8b9575512010a4,2c78940eab5720fcecaab8871bb453ddc6be9b63e2ae107188482bffadc40abd,043169048bee792dff3fe907ac6b8965b3ed69537d0ca55c78971643353a0e04,183,attestations/2026-10-03-b291376.sigstore.json
2026-10-04,b9f28b53a4e8dbd32eee30161531ae30c623f235,eecf553ac0fee409f6a567b794344941316050c0,b9b2adf78891684e7594226148418af891e3dedf19f97413ba3841edd641c3b0,e5a87391fb23e64a3ab3e0a884a598a8277864fce4e053f1242405f24d9eb660,183,attestations/2026-10-04-b9f28b5.sigstore.json
2026-10-04,b81c5b00755c2161dbf03145d1c7caf160828dda,ddf29d7e9ed8807a51ab766bdd4d77451fc5da9c,b9b2adf78891684e7594226148418af891e3dedf19f97413ba3841edd641c3b0,e5a87391fb23e64a3ab3e0a884a598a8277864fce4e053f1242405f24d9eb660,183,attestations/2026-10-04-b81c5b0.sigstore.json
2026-10-04,3c1ae9a9fd1733c18fbaa1cacc84062131dab058,3237beacd18f8597e657e3413d3d268a5113a39b,b9b2adf78891684e7594226148418af891e3dedf19f97413ba3841edd641c3b0,e5a87391fb23e64a3ab3e0a884a598a8277864fce4e053f1242405f24d9eb660,183,attestations/2026-10-04-3c1ae9a.sigstore.json
2026-10-04,e8012ba9c91276d27b0de279ba9622cd5f36812b,154b824f83443eca09cd09d1fc3b79e373519a3e,b9b2adf78891684e7594226148418af891e3dedf19f97413ba3841edd641c3b0,e5a87391fb23e64a3ab3e0a884a598a8277864fce4e053f1242405f24d9eb660,183,attestations/2026-10-04-e8012ba.sigstore.json
2026-10-04,641ac99179405fa69aad36dcd9c71b2eea0ae527,f89e8985e0baa269da70bc7acd7a9e5df09a16dc,b9b2adf78891684e7594226148418af891e3dedf19f97413ba3841edd641c3b0,e5a87391fb23e64a3ab3e0a884a598a8277864fce4e053f1242405f24d9eb660,183,attestations/2026-10-04-641ac99.sigstore.json
2026-10-04,be24f7267907e019f3a3cebc366e7ce828766c84,fd82ae681f59d6110f3c04cb923fd77be5f1180a,b9b2adf78891684e7594226148418af891e3dedf19f97413ba3841edd641c3b0,e5a87391fb23e64a3ab3e0a884a598a8277864fce4e053f1242405f24d9eb660,183,attestations/2026-10-04-be24f72.sigstore.json
2026-10-05,ac194d1ad5d6058d9802970dd8c977efffd041c1,e27ce93be4a92b1431e362364e0584721c38b0bc,ae2d7a9394dab6e906006cf4aa8bf7657e1fe971964ac20ad430f3626301a42e,281114dcd796bde6e48e41a1dab758331e0ce8c20f5658c6b1911798de4a3fcd,183,attestations/2026-10-05-ac194d1.sigstore.json
2026-10-05,ff59bacf307e8e1b45ca2b56c6b3a168f297f651,dd137fdf31f7fb55315ea29721524282ee213847,ae2d7a9394dab6e906006cf4aa8bf7657e1fe971964ac20ad430f3626301a42e,281114dcd796bde6e48e41a1dab758331e0ce8c20f5658c6b1911798de4a3fcd,183,attestations/2026-10-05-ff59bac.sigstore.json
2026-10-06,f72dd38465c4073488a62290c320cd5401789d38,7c50c60d6a82492be0f8e22974845d64d126a66e,b7727269499a0e9d219db7590d03e972eca74601914525840a60857e532e8dd0,bb5d1f831633a361c11e7d63ea0715969083b643dc584791c74a07a8904b1176,183,attestations/2026-10-06-f72dd38.sigstore.json
2026-10-06,9acce5ae293be127d51119eba1b0253815d3b0f9,8ba83e8263f152cdf37880dc751d59ac371c717b,b7727269499a0e9d219db7590d03e972eca74601914525840a60857e532e8dd0,bb5d1f831633a361c11e7d63ea0715969083b643dc584791c74a07a8904b1176,183,attestations/2026-10-06-9acce5a.sigstore.json
2026-10-06,1b5cc5cbf05828ab8ed558d6571e124ccc98027e,516cc9bf1415600fa594d69e18eb48ba9df66b32,b7727269499a0e9d219db7590d03e972eca74601914525840a60857e532e8dd0,bb5d1f831633a361c11e7d63ea0715969083b643dc584791c74a07a8904b1176,183,attestations/2026-10-06-1b5cc5c.sigstore.json
2026-10-06,b8b5062913d06346a611306b46e7824f54d6e419,605620d3e9ab103c471024ba8175cef15190df64,b7727269499a0e9d219db7590d03e972eca74601914525840a60857e532e8dd0,bb5d1f831633a361c11e7d63ea0715969083b643dc584791c74a07a8904b1176,183,attestations/2026-10-06-b8b5062.sigstore.json
2026-10-06,f906385bebd3697116f133225227d95389b229e6,20f65daf892e6bd5c8c973f3fdd1fa63c28a6571,8724799467b94d23496fcc491db232fa69074e00203ffdd3a4e3b7f46b0ac883,bb5d1f831633a361c11e7d63ea0715969083b643dc584791c74a07a8904b1176,183,attestations/2026-10-06-f906385.sigstore.json
2026-10-06,5c352e2ddaff6e209658c24a82a099df4d952d28,ff5f64276c2c993bd606e4948a48e0e6711604e7,8724799467b94d23496fcc491db232fa69074e00203ffdd3a4e3b7f46b0ac883,bb5d1f831633a361c11e7d63ea0715969083b643dc584791c74a07a8904b1176,183,attestations/2026-10-06-5c352e2.sigstore.json
2026-10-06,d4c7fbb24cb5d34809dfd97b54418ff860cfd7f6,6286baf5a17855cb66c06e517ff9eb887c45091a,8724799467b94d23496fcc491db232fa69074e00203ffdd3a4e3b7f46b0ac883,bb5d1f831633a361c11e7d63ea0715969083b643dc584791c74a07a8904b1176,183,attestations/2026-10-06-d4c7fbb.sigstore.json
2026-10-07,5aa0263f04ff886db5c77caa3551748577173704,60ff2019440fcfef1289535c434d4bde072970a1,0bf881f84ac6d816a105199781a0d62a827d2abcc717952a782bb9a2f636f97c,80652422503843edad6d749d00c4af0e7ae9c376e87296f87d5c88ce36de0735,183,attestations/2026-10-07-5aa0263.sigstore.json
