term,expansion,plain,source,allowlist
AIA,American Institute of Architects,A national professional association for architects; some record pages cite its design awards.,https://www.aia.org/,
AMI,Area Median Income,"The median income for the region: half of households earn more, half less. Below-market-rate homes limit household income by reference to it.",https://www.huduser.gov/portal/datasets/il.html,
BCDC,Bay Conservation and Development Commission,The state agency that issues permits for work within its jurisdiction around San Francisco Bay.,https://www.bcdc.ca.gov/,
BMR,Below Market Rate,A home priced and restricted for lower- or moderate-income households under San Francisco's affordable-housing rules.,https://www.sf.gov/reports--august-2024--below-market-rate-bmr-ownership-programs,
BOS,Board of Supervisors,"San Francisco's elected city council, which sets city policy and adopts ordinances and resolutions.",https://sfbos.org/,
CAC,Community Advisory Committee,A standing group of neighbors and stakeholders an agency consults as a project moves forward.,,
CC0,CC0 1.0 Universal,"A public-domain dedication: the copyright holder gives up all rights, so the work can be reused freely with no credit required.",https://creativecommons.org/publicdomain/zero/1.0/,
CEQA,California Environmental Quality Act,The state law requiring public agencies to study and disclose a project's environmental effects before approving it.,https://lci.ca.gov/ceqa/,
CFD,Community Facilities District,"An area where property owners pay a special tax, secured by bonds, to fund infrastructure like streets, parks and utilities.",https://www.treasurer.ca.gov/cdiac/mello-roos/index.asp,
CMBS,Commercial Mortgage-Backed Securities,A loan on a commercial building that's bundled with other such loans and sold to investors as bonds.,,
D4D,Design for Development,"The illustrated rulebook a developer and the city agree on for a site: building heights, uses, streets and parks.",https://sfplanning.org/potrero-power-station,
DBI,Department of Building Inspection,San Francisco's department that reviews and inspects construction to enforce the building code.,https://sfdbi.org/,
DDA,Disposition and Development Agreement,"The principal agreement between a public landowner, such as the Port, and a developer, setting out the overall program and timing of development and the public benefits to be delivered.",https://www.sfport.com/sites/default/files/Commission/Item%2011A%20Mission%20Rock%20Approvals%20Staff%20Report%201-26-18FINAL.pdf,
DEIR,Draft Environmental Impact Report,"The draft version of a project's environmental impact report, issued before the final version.",https://sfplanning.org/environmental-review,
DTSC,Department of Toxic Substances Control,"The California agency that oversees cleanup of contaminated land, common on former industrial waterfront sites.",https://dtsc.ca.gov/,
EIR,Environmental Impact Report,"The formal study, under the California Environmental Quality Act, of a project's potential adverse environmental effects.",https://sfplanning.org/environmental-review,
EPA,Environmental Protection Agency,The federal agency that regulates pollution and oversees cleanup of contaminated sites.,https://www.epa.gov/,
ESER,Earthquake Safety and Emergency Response,"A series of San Francisco general-obligation bonds funding seismic upgrades to fire stations, police facilities and other emergency infrastructure.",https://sfpublicworks.org/eser,
GCP,Ground Control Point,"A point on the ground whose real-world coordinates are known, used to align a scanned map or aerial photo to its true position.",,
GDAL,Geospatial Data Abstraction Library,"A free, open-source (MIT-style licence) translator library for raster and vector geospatial data formats.",https://gdal.org/,
GIS,Geographic Information System,Software that stores and maps real-world locations and shapes -- the kind of tool behind this site's own maps.,https://www.usgs.gov/faqs/what-geographic-information-system-gis,
GSF,Gross Square Feet,"The total floor area of a building, measured to the outside of its exterior walls.",,
HAER,Historic American Engineering Record,"A National Park Service program, founded in 1969, that documents America's historic engineering and industrial sites.",https://www.nps.gov/subjects/heritagedocumentation/haer.htm,
HPC,Historic Preservation Commission,"The San Francisco commission, established by the City Charter in 2008, that advises the Mayor, Board of Supervisors and City departments on historic preservation goals, policies and programs.",https://sfplanning.org/historic-preservation-commission,
IFD,Infrastructure Financing District,"An area where growth in property-tax revenue is set aside to pay for new infrastructure, without raising tax rates.",,
IRFD,Infrastructure and Revitalization Financing District,A financing district authorized by state law in 2014 (Assembly Bill 229) to finance housing and other development projects.,https://scag.ca.gov/post/infrastructure-and-revitalization-financing-district-irfd,
LBE,Local Business Enterprise,"A local business certified under San Francisco's Chapter 14B program, which helps small businesses compete for City contracts.",https://www.sf.gov/14b-local-business-enterprise-lbe-program,
LDDA,Lease Disposition and Development Agreement,"A Port of San Francisco development agreement paired with a master lease of Port land, as used for the Pier 70 Historic Core rehabilitation.",https://www.sfport.com/media/4465/download,
LED,Light Emitting Diode,"A small, energy-efficient light source; cited here from a building permit's own description of fire-alarm signal hardware.",,
LEED,Leadership in Energy and Environmental Design,"A widely used green-building certification, rated Certified, Silver, Gold or Platinum.",https://www.usgbc.org/leed,
LRDP,Long Range Development Plan,UCSF's own campus-wide master plan -- where it can build and how much -- reviewed under state environmental law.,https://realestate.ucsf.edu/long-range-development-plan-lrdp,
MEP,"Mechanical, Electrical and Plumbing","The building trades and engineering disciplines covering a building's heating, cooling, power and water systems.",,
MOHCD,Mayor's Office of Housing and Community Development,The San Francisco agency that supports affordable housing opportunities and manages the city's below-market-rate ownership programs.,https://www.sf.gov/reports--august-2024--below-market-rate-bmr-ownership-programs,
MOU,Memorandum of Understanding,"A written agreement laying out what two or more parties plan to do together, short of a binding contract.",,
NAIP,National Agriculture Imagery Program,"A USDA program that photographs the continental United States from the air during growing seasons, on a multi-year cycle -- a common public-domain source for aerial images on this site.",https://en.wikipedia.org/wiki/National_Agriculture_Imagery_Program,
NRHP,National Register of Historic Places,"The federal government's official list of buildings, sites and districts worth preserving for their history.",https://www.nps.gov/subjects/nationalregister/database-research.htm,
NRIS,National Register Information System,The National Park Service's internal workflow system for tracking National Register of Historic Places documentation; its reports carry a reference number for each property.,https://www.nps.gov/subjects/nationalregister/upload/NR-NHL-NRIS-terms_20210805.pdf,
OCII,Office of Community Investment and Infrastructure,"San Francisco's successor to the Redevelopment Agency, which still oversees Mission Bay and other large approved project areas.",https://sfocii.org/what-we-do,
OEWD,Office of Economic and Workforce Development,"San Francisco's department for business support, job training and local economic development.",https://oewd.org/,
OSM,OpenStreetMap,"A free, editable map of the world built by volunteers; the background tiles of this site's interactive map come from it.",https://www.openstreetmap.org/about,
PDR,"Production, Distribution and Repair","San Francisco's planning term for industrial uses that make, move or fix things, the subject of a Planning Department report on the city's remaining industrial land.",https://sfplanning.org/resource/industrial-land-san-francisco-production-distribution-and-repair-pdr,
RFI,Request for Information,An informal request an agency sends out to gather information before deciding how to proceed.,,
RFP,Request for Proposals,A public agency's formal invitation for companies to submit competing proposals for a project or contract.,,
RFQ,Request for Qualifications,"A public agency's formal call for firms to submit their credentials, often the step before a full proposal.",,
RMS,Root Mean Square,"A standard way to summarize error: the square root of the mean of the squared differences, here between a traced shape and its true position.",,
RPD,Recreation and Park Department,San Francisco's department that manages the city's parks.,https://sfrecpark.org/,
RSF,Rentable Square Feet,"The floor area a tenant is billed for, including a share of shared spaces like lobbies and hallways.",,
SBA,Small Business Administration,"The federal agency that certifies and supports small businesses, including some contractors named on this site.",https://www.sba.gov/,
SCH,State Clearinghouse,The California office that receives environmental review filings; each project is referenced by a State Clearinghouse Number (SCH#).,https://lci.ca.gov/sch/,
SFFD,San Francisco Fire Department,"San Francisco's fire department, which also responds to medical emergencies.",https://sf-fire.org/,
SFMTA,San Francisco Municipal Transportation Agency,"San Francisco's transit and streets agency, running Muni and setting traffic and parking rules.",https://www.sfmta.com/,
SFPD,San Francisco Police Department,San Francisco's police department.,https://www.sanfranciscopolice.org/,
SFUSD,San Francisco Unified School District,San Francisco's public school system.,https://www.sfusd.edu/,
SUD,Special Use District,"An extra layer of zoning rules laid over a specific area, on top of or instead of the normal citywide rules.",https://codelibrary.amlegal.com/codes/san_francisco/latest/sf_planning/0-0-0-19790,
TCO,Temporary Certificate of Occupancy,A short-term permit letting a building be used before every last item of construction is finished.,,
TPS,Thin Plate Spline,"A flexible way to stretch a scanned map onto real-world coordinates, allowing for small warps rather than just a shift and rotation.",,
UCSF,"University of California, San Francisco","The public university's health-sciences campus, a major landowner and developer at Mission Bay.",https://www.ucsf.edu/,
USDA,United States Department of Agriculture,The federal department that runs the aerial-imagery program behind some of this site's satellite-style photos.,https://www.usda.gov/,
VDDA,Vertical Disposition and Development Agreement,"The agreement, attached as a form to a site's DDA, that sets the conditions for a vertical developer to acquire a development parcel's lease and build on it.",https://www.sfport.com/sites/default/files/Commission/Item%2011A%20Mission%20Rock%20Approvals%20Staff%20Report%201-26-18FINAL.pdf,
YIMBY,Yes In My Backyard,"A pro-housing-development political movement, and on this site also the name of a local construction-news site, SF YIMBY.",https://en.wikipedia.org/wiki/YIMBY,
ABC7,,,,yes
AECOM,,,,yes
AERIAL,,,,yes
AIDS,,,,yes
ALSO,,,,yes
AND,,,,yes
ANGLE,,,,yes
API,,,,yes
APN,,,,yes
ARE,,,,yes
ARUP,,,,yes
ATG,,,,yes
BAE,,,,yes
BAY,,,,yes
BKF,,,,yes
BLOND,,,,yes
BLVD,,,,yes
C1A,,,,yes
C1B,,,,yes
C1C,,,,yes
C2A,,,,yes
C2B,,,,yes
CBG,,,,yes
CBS,,,,yes
CDC,,,,yes
CEO,,,,yes
CHECK,,,,yes
CITE,,,,yes
CLIP,,,,yes
CLT,,,,yes
CNN,,,,yes
COVID,,,,yes
CPC,,,,yes
CSCDA,,,,yes
D1200,,,,yes
D2317,,,,yes
DES,,,,yes
DLR,,,,yes
DNCO,,,,yes
DOB,,,,yes
DOF,,,,yes
DPR,,,,yes
DRAFT,,,,yes
EAST,,,,yes
EDAW,,,,yes
ESP,,,,yes
ESRI,,,,yes
EVIVA,,,,yes
EXEMPT,,,,yes
FAIA,,,,yes
FAQ,,,,yes
FIFTH,,,,yes
FIGURE,,,,yes
FOCIL,,,,yes
FUTURE,,,,yes
FY2024,,,,yes
FY2025,,,,yes
GB1,,,,yes
GBAC,,,,yes
GID,,,,yes
GLS,,,,yes
HDY1,,,,yes
HDY2,,,,yes
HDY3,,,,yes
HIGH,,,,yes
HIV,,,,yes
HOK,,,,yes
HPP,,,,yes
HRE,,,,yes
HTTP,,,,yes
HYD3,,,,yes
ICA,,,,yes
ICF,,,,yes
II,,,,yes
IIG,,,,yes
III,,,,yes
ISH,,,,yes
ISSUED,,,,yes
JSCO,,,,yes
JUUL,,,,yes
KJ,,,,yes
KQED,,,,yes
KSF,,,,yes
LEASE,,,,yes
LLC,,,,yes
LLP,,,,yes
LMS,,,,yes
LOW,,,,yes
MANICA,,,,yes
MAX,,,,yes
MB360,,,,yes
MBT,,,,yes
MEDIUM,,,,yes
MERGED,,,,yes
MHHW,,,,yes
MU,,,,yes
MUNI,,,,yes
MVE,,,,yes
MVRDV,,,,yes
NBA,,,,yes
NBC,,,,yes
NE,,,,yes
NEW,,,,yes
NOR,,,,yes
NOT,,,,yes
NOTE,,,,yes
NP1,,,,yes
NP2,,,,yes
ODI,,,,yes
OFF,,,,yes
ONE,,,,yes
ONLY,,,,yes
OPEN,,,,yes
ORB,,,,yes
P10,,,,yes
P11,,,,yes
P11A,,,,yes
P12,,,,yes
P13,,,,yes
P15,,,,yes
P16,,,,yes
P17,,,,yes
P21,,,,yes
P22,,,,yes
P23,,,,yes
P24,,,,yes
P26,,,,yes
P27,,,,yes
PAE,,,,yes
PCB,,,,yes
PDF,,,,yes
PIER,,,,yes
POINT,,,,yes
POPO,,,,yes
POST,,,,yes
PR,,,,yes
PRJ,,,,yes
PUP,,,,yes
QB3,,,,yes
QGIS,,,,yes
RAMP,,,,yes
RDH,,,,yes
RE,,,,yes
REAL,,,,yes
RECORD,,,,yes
REFIT,,,,yes
RLF,,,,yes
RMA,,,,yes
ROW,,,,yes
RSS,,,,yes
SFF,,,,yes
SFGATE,,,,yes
SFPUC,,,,yes
SGH,,,,yes
SHORT,,,,yes
SIZE,,,,yes
SKS,,,,yes
SOHA,,,,yes
SOM,,,,yes
SOUTH,,,,yes
SPACE,,,,yes
SPLIT,,,,yes
SQFT,,,,yes
STACK,,,,yes
STAR,,,,yes
STATUS,,,,yes
STEM,,,,yes
STREET,,,,yes
SWA,,,,yes
TAFB,,,,yes
TBD,,,,yes
TDC,,,,yes
THIS,,,,yes
TMG,,,,yes
TNDC,,,,yes
TRACED,,,,yes
UDR,,,,yes
UIW,,,,yes
UNIT,,,,yes
URL,,,,yes
USCF,,,,yes
USE,,,,yes
VARA,,,,yes
WAN,,,,yes
WEST,,,,yes
WHOLE,,,,yes
WIDTH,,,,yes
WITH,,,,yes
WNBA,,,,yes
WRNS,,,,yes
WWII,,,,yes
YA,,,,yes
YCD,,,,yes
YMCA,,,,yes
DRB,Design Review Board,"The Bay Conservation and Development Commission's advisory board of design experts, which reviews how a shoreline project treats public access and the water's edge.",https://www.bcdc.ca.gov/advisory-groups/design-review-board/,
LRPMP,Long Range Property Management Plan,"The plan a former redevelopment agency's successor, like OCII, submits for the disposition of the property it still holds.",https://sfocii.org/sites/default/files/inline-files/02%20Mission%20Bay.pdf,
MGD,Million Gallons per Day,A standard way to measure how much water a treatment plant or pump station can handle.,,
OPA,Owner Participation Agreement,"A redevelopment-era agreement between the former redevelopment agency and a master developer that authorized a development and set what the developer must build, as at Mission Bay in 1998.",https://sfocii.org/sites/default/files/inline-files/02%20Mission%20Bay.pdf,
SEC,Securities and Exchange Commission,The federal agency that oversees the securities markets and protects investors; some facts here are sourced to a company's own SEC filings.,https://www.sec.gov/about/mission,
SFPL,San Francisco Public Library,San Francisco's public library system.,https://sfpl.org/,
SLR,Sea Level Rise,The long-term rise in the bay's water level that waterfront projects have to design and build for.,,
B12,,,,yes
BERRY,,,,yes
BRE,,,,yes
BRIDGE,,,,yes
CSV,,,,yes
ENR,,,,yes
FOR,,,,yes
IKE,,,,yes
ITS,,,,yes
LOVE,,,,yes
LUMA,,,,yes
MB4E,,,,yes
MBDG,,,,yes
MNT,,,,yes
MSPDI,,,,yes
N4A,,,,yes
NP4,,,,yes
NP5,,,,yes
OUT,,,,yes
P18,,,,yes
P19,,,,yes
PKN,,,,yes
PKS,,,,yes
ROOTS,,,,yes
SECOND,,,,yes
SOMA,,,,yes
UPS,,,,yes
CFAR,,,,yes
HLT,,,,yes
HKS,,,,yes
NC2,,,,yes
END,,,,yes
NORTH,,,,yes
REDONE,,,,yes
TWICE,,,,yes
FIT,,,,yes
RTL,,,,yes
GRO,,,,yes
COMO,,,,yes
GYN,,,,yes
OMD,,,,yes
OWENS,,,,yes
FY23,,,,yes
LOT,,,,yes
N5A,,,,yes
SVC,,,,yes
KKR,,,,yes
DNA,,,,yes
IMP,,,,yes
CMG,,,,yes
ADA,Americans with Disabilities Act,"A federal civil-rights law that protects people with disabilities in many areas of public life, with published accessibility Design Standards.",https://www.ada.gov/,
BDA,Bi-Directional Amplifier,"A device that boosts radio signal strength inside a building so fire and police radios still work throughout it, often installed alongside an ERRCS.",,
DSA,Division of the State Architect,The California state agency that reviews and approves construction plans for public schools and certain other state-related buildings.,https://www.dgs.ca.gov/DSA,
ERRCS,Emergency Responder Radio Coverage System,"In-building equipment required by the fire code so police and fire radios work throughout a building, including basements and stairwells.",,
HVAC,"Heating, Ventilation and Air Conditioning","The building systems that control indoor temperature, humidity and air quality.",,
NFPA,National Fire Protection Association,"A nonprofit focused on fire, electrical and related hazards; permit descriptions on this site cite its standards, such as NFPA 24 for underground fire-sprinkler water service.",,
OTC,Over the Counter,"A Department of Building Inspection permit reviewed over the counter, for smaller-scope work that doesn't need a full plan review.",,
SBE,Small Business Enterprise,"A small-business contracting category; on this site it appears in OCII's project contracting goals, alongside local hire.",,
TSF,Transportation Sustainability Fee,"A San Francisco development impact fee, charged on new construction, that funds transit, walking and biking improvements.",,
AMOUNT,,,,yes
AREA,,,,yes
AWNING,,,,yes
BLOCK,,,,yes
BLOCKS,,,,yes
BOTH,,,,yes
CENTER,,,,yes
DIRTT,,,,yes
EVENT,,,,yes
FAMILY,,,,yes
GOLDEN,,,,yes
GROUND,,,,yes
GSW,,,,yes
INCOME,,,,yes
LOAN,,,,yes
MASTER,,,,yes
MIXED,,,,yes
NFS2,,,,yes
PLAN,,,,yes
RENTAL,,,,yes
RETAIL,,,,yes
SIGN,,,,yes
SIGNS,,,,yes
SIXTH,,,,yes
STATE,,,,yes
THE,,,,yes
USES,,,,yes
W39,,,,yes
OTH,,,,yes
SPARK,,,,yes
TAKE,,,,yes
OUTS,,,,yes
BVNK,,,,yes
SFCTA,San Francisco County Transportation Authority,"The city agency that plans and funds San Francisco's transportation projects, including some sales-tax (Prop L) funding decisions.",https://www.sfcta.org/,
WETA,San Francisco Bay Area Water Emergency Transportation Authority,The regional public agency that runs Bay Area ferry service and builds ferry terminals.,https://weta.sanfranciscobayferry.com/,
CIP,Capital Improvement Program,"An agency's multi-year plan for funding and building physical projects, like the Port's Five-Year CIP.",,
BLF,Boat Launch Facility,"A public ramp or dock for launching small boats, as California State Parks' boating division names it.",,
AFDM,"Auxiliary Floating Dry Dock, Medium","A US Navy type designation for a medium-sized floating dry dock, like the vessel now known as the Eureka Dry Dock.",,
NHP,National Historical Park,"A US National Park Service unit preserving a historic site, like the San Francisco Maritime NHP.",,
USS,,,,yes
FY2026,,,,yes
FY2027,,,,yes
ENA,Exclusive Negotiating Agreement,"An agreement giving a developer the exclusive right to negotiate a deal on a public site for a set period, before any lease or sale is final.",,
FTA,Federal Transit Administration,The U.S. Department of Transportation agency that funds public transit projects nationwide.,https://www.transit.dot.gov/,
MBC,,,,yes
SFWP,San Francisco Waterfront Partners,The Port of San Francisco's development partner for the Piers 38 & 40 redevelopment.,,
MBH,,,,yes
NOE,Notice of Exemption,A filing an agency makes when it determines a project is exempt from full environmental review under CEQA.,,
PWP,Pacific Waterfront Partners,The Port of San Francisco tenant and developer affiliate behind the Piers 38 & 40 redevelopment proposal.,,
EIFD,Enhanced Infrastructure Financing District,A district in which growth in property-tax revenue is set aside to pay for infrastructure; the Board of Supervisors created one at the Potrero Power Station.,https://sfstandard.com/2025/10/15/potrero-power-station-middle-income-housing/,
CPUC,California Public Utilities Commission,The state agency that regulates privately owned utilities such as PG&E.,https://www.cpuc.ca.gov/,
SFPW,San Francisco Public Works,The city department that builds and maintains streets and public infrastructure.,https://www.sfpublicworks.org/,
BBQ,,,,yes
BYERS,,,,yes
CBRE,,,,yes
CIM,,,,yes
CITY,,,,yes
CPE,,,,yes
EDGAR,,,,yes
EIN,,,,yes
FLEX,,,,yes
FOX,,,,yes
FPAC,,,,yes
FT2,,,,yes
FY2022,,,,yes
GARAGE,,,,yes
HALL,,,,yes
HDY,,,,yes
JPG,,,,yes
KORET,,,,yes
KRON4,,,,yes
KTVU,,,,yes
MAP,,,,yes
MIT,,,,yes
OWNER,,,,yes
P70,,,,yes
PARK,,,,yes
PASEO,,,,yes
PMB,,,,yes
POWER,,,,yes
PPS,,,,yes
QUAD,,,,yes
RASA,,,,yes
RUTTER,,,,yes
TAF,,,,yes
TMA,,,,yes
TRD,,,,yes
VALLEY,,,,yes
VISION,,,,yes
WELL,,,,yes
WRT,,,,yes
WTP,,,,yes
