# The sites shown on the homepage, north to south.
#   data_sites: pipe-separated "site" values from status.csv / approximate_projects.csv that belong to this site
#   placeholder: yes = the site's data is still being added (shown as a placeholder zone and card)
#   now / now_source: one sourced line about what's happening now (leave blank if none)
#   boundary_source: added 2026-09-18 for Mission Bay -- the official project-area boundary a real site's data
#   is checked against (see docs/briefs/mission-bay-geometry.md, "Boundary first"). Blank for a site whose
#   boundary was never separately sourced this way (its own brief predates this column).
#   draft: added 2026-09-20 (docs/briefs/publish.md, "Rendered site in the public repo"). yes = this site and
#   its records are left out of the build entirely -- no page, no card, not in any API file -- unless the
#   environment variable PP_DRAFTS=1 is set, for a local preview. Default no. See sitegen/README.md.
#   lead_image: added 2026-09-22 (docs/briefs/changes-ux.md). Optional: the `path` of an already-hosted
#   image (a data/records/*.json entry with scope: site, or any hosted record image) to use as this
#   site's lead photo on the home page and the site page. Blank = the automatic pick: the
#   highest-scoring tier-1 or tier-2 image (sitegen/imagepick.py) among the site's own tracked records.
slug,name,short,data_sites,placeholder,owner,now,now_source,boundary_source,draft,lead_image
mission-rock,Mission Rock,Mission Rock,Pier 50 / Mission Rock,no,"Port-owned land · Giants and Tishman Speyer, developers","The Canyon opened in June 2023, and Verde, the fourth and final Phase 1 building, opened to residents in June 2024 and held its ribbon cutting on Sept 3, 2024.",https://sfyimby.com/2023/06/the-23-story-canyon-opens-in-mission-rock-san-francisco.html; https://sfyimby.com/2024/09/ribbon-cutting-for-23-story-verde-in-mission-rock-san-francisco.html,,no,data/manual/images/mission_rock_aerial_2026.jpg
mission-bay,Mission Bay,Mission Bay,Mission Bay North|Mission Bay South,no,OCII redevelopment area,"Mission Bay School, the neighborhood’s first public school campus, held its grand opening on Aug 6, 2026 and was scheduled to welcome its first students on Aug 17; Block 12 West, the last remaining development parcel in Mission Bay South, is the subject of a proposed OCII memorandum of understanding that had not yet been approved as of an Aug 13, 2026 advisory committee item.",https://www.kqed.org/news/12094176/; https://sfocii.org/files/2026-08/Item%202%20-%20MBS%2012%20West%20MOU%20and%20RFP.pdf,"DataSF 'Former San Francisco Redevelopment Agency Project Areas' (m288-24sn), features 'Mission Bay - North' and 'Mission Bay - South'; cross-checked against the OCII/Wikipedia Townsend/7th/Mariposa/3rd-and-Bay description",no,data/manual/images/mission_bay/wikimedia_mission_bay_aerial_2024.jpg
pier-70,Pier 70,Pier 70,Pier 70,no,"28-acre site · Port-owned · Brookfield Properties, developer","A one-day festival, Pier Play San Francisco, was held on Sep 19 on the future site of Elevation Sky Park, an interim entertainment venue at Pier 70 that has not yet announced an opening date.",https://elevationskypark.com/,,no,data/manual/images/pier70/wikimedia_union_iron_works_2018.jpg
potrero,Potrero Power Station,Potrero Station,Potrero Power Station,no,"Former power plant · Fifth Space (formerly Associate Capital), developer",Block 2 · UCSF’s life sciences building is under construction (started August 2025); SF YIMBY (Feb 2026) reports overall completion expected by 2030.,https://sfyimby.com/2026/02/excavation-work-underway-for-potrero-power-station-block-2-san-francisco.html,,no,data/manual/images/potrero/deir_p156_power_station_park.jpg
